{
  "total_points": 4606,
  "score_mean": 0.4748740167076469,
  "score_min": 0.0,
  "score_max": 0.8521944863278805,
  "prime_count": 849,
  "optimal_count": 3944,
  "good_count": 0
}