{
  "total_points": 4606,
  "score_mean": 0.4928123749828382,
  "score_min": 0.0,
  "score_max": 0.8275332680978068,
  "prime_count": 1191,
  "optimal_count": 3963,
  "good_count": 0
}