{
  "total_points": 7288,
  "score_mean": 0.468718001389529,
  "score_min": 0.00015255021134697307,
  "score_max": 0.8521944863278805,
  "prime_count": 1041,
  "optimal_count": 6615
}